club,matches_played,wins,draws,losses,goals_for,goals_against,goals_diff,points,league,season
Chelsea,38,26,9,3,73,32,41,87,premierleague,2014
Man City,38,24,7,7,83,38,45,79,premierleague,2014
Arsenal,38,22,9,7,71,36,35,75,premierleague,2014
Man Utd,38,20,10,8,62,37,25,70,premierleague,2014
Tottenham,38,19,7,12,58,53,5,64,premierleague,2014
Liverpool,38,18,8,12,52,48,4,62,premierleague,2014
Southampton,38,18,6,14,54,33,21,60,premierleague,2014
Swansea,38,16,8,14,46,49,-3,56,premierleague,2014
Stoke City,38,15,9,14,48,45,3,54,premierleague,2014
Crystal Palace,38,13,9,16,47,51,-4,48,premierleague,2014
Everton,38,12,11,15,48,50,-2,47,premierleague,2014
West Ham,38,12,11,15,44,47,-3,47,premierleague,2014
West Brom,38,11,11,16,38,51,-13,44,premierleague,2014
Leicester,38,11,8,19,46,55,-9,41,premierleague,2014
Newcastle,38,10,9,19,40,63,-23,39,premierleague,2014
Sunderland,38,7,17,14,31,53,-22,38,premierleague,2014
Aston Villa,38,10,8,20,31,57,-26,38,premierleague,2014
Hull City,38,8,11,19,33,51,-18,35,premierleague,2014
Burnley,38,7,12,19,28,53,-25,33,premierleague,2014
QPR,38,8,6,24,42,73,-31,30,premierleague,2014
Leicester,38,23,12,3,68,36,32,81,premierleague,2015
Arsenal,38,20,11,7,65,36,29,71,premierleague,2015
Tottenham,38,19,13,6,69,35,34,70,premierleague,2015
Man City,38,19,9,10,71,41,30,66,premierleague,2015
Man Utd,38,19,9,10,49,35,14,66,premierleague,2015
Southampton,38,18,9,11,59,41,18,63,premierleague,2015
West Ham,38,16,14,8,65,51,14,62,premierleague,2015
Liverpool,38,16,12,10,63,50,13,60,premierleague,2015
Stoke City,38,14,9,15,41,55,-14,51,premierleague,2015
Chelsea,38,12,14,12,59,53,6,50,premierleague,2015
Everton,38,11,14,13,59,55,4,47,premierleague,2015
Swansea,38,12,11,15,42,52,-10,47,premierleague,2015
Watford,38,12,9,17,40,50,-10,45,premierleague,2015
West Brom,38,10,13,15,34,48,-14,43,premierleague,2015
Crystal Palace,38,11,9,18,39,51,-12,42,premierleague,2015
Bournemouth,38,11,9,18,45,67,-22,42,premierleague,2015
Sunderland,38,9,12,17,48,62,-14,39,premierleague,2015
Newcastle,38,9,10,19,44,65,-21,37,premierleague,2015
Norwich,38,9,7,22,39,67,-28,34,premierleague,2015
Aston Villa,38,3,8,27,27,76,-49,17,premierleague,2015
Chelsea,38,30,3,5,85,33,52,93,premierleague,2016
Tottenham,38,26,8,4,86,26,60,86,premierleague,2016
Man City,38,23,9,6,80,39,41,78,premierleague,2016
Liverpool,38,22,10,6,78,42,36,76,premierleague,2016
Arsenal,38,23,6,9,77,44,33,75,premierleague,2016
Man Utd,38,18,15,5,54,29,25,69,premierleague,2016
Everton,38,17,10,11,62,44,18,61,premierleague,2016
Southampton,38,12,10,16,41,48,-7,46,premierleague,2016
Bournemouth,38,12,10,16,55,67,-12,46,premierleague,2016
West Brom,38,12,9,17,43,51,-8,45,premierleague,2016
West Ham,38,12,9,17,47,64,-17,45,premierleague,2016
Leicester,38,12,8,18,48,63,-15,44,premierleague,2016
Stoke City,38,11,11,16,41,56,-15,44,premierleague,2016
Crystal Palace,38,12,5,21,50,63,-13,41,premierleague,2016
Swansea,38,12,5,21,45,70,-25,41,premierleague,2016
Burnley,38,11,7,20,39,55,-16,40,premierleague,2016
Watford,38,11,7,20,40,68,-28,40,premierleague,2016
Hull City,38,9,7,22,37,80,-43,34,premierleague,2016
Middlesbrough,38,5,13,20,27,53,-26,28,premierleague,2016
Sunderland,38,6,6,26,29,69,-40,24,premierleague,2016
Man City,38,32,4,2,106,27,79,100,premierleague,2017
Man Utd,38,25,6,7,68,28,40,81,premierleague,2017
Tottenham,38,23,8,7,74,36,38,77,premierleague,2017
Liverpool,38,21,12,5,84,38,46,75,premierleague,2017
Chelsea,38,21,7,10,62,38,24,70,premierleague,2017
Arsenal,38,19,6,13,74,51,23,63,premierleague,2017
Burnley,38,14,12,12,36,39,-3,54,premierleague,2017
Everton,38,13,10,15,44,58,-14,49,premierleague,2017
Leicester,38,12,11,15,56,60,-4,47,premierleague,2017
Newcastle,38,12,8,18,39,47,-8,44,premierleague,2017
Crystal Palace,38,11,11,16,45,55,-10,44,premierleague,2017
Bournemouth,38,11,11,16,45,61,-16,44,premierleague,2017
West Ham,38,10,12,16,48,68,-20,42,premierleague,2017
Watford,38,11,8,19,44,64,-20,41,premierleague,2017
Brighton,38,9,13,16,34,54,-20,40,premierleague,2017
Huddersfield,38,9,10,19,28,58,-30,37,premierleague,2017
Southampton,38,7,15,16,37,56,-19,36,premierleague,2017
Swansea,38,8,9,21,28,56,-28,33,premierleague,2017
Stoke City,38,7,12,19,35,68,-33,33,premierleague,2017
West Brom,38,6,13,19,31,56,-25,31,premierleague,2017
Man City,38,32,2,4,95,23,72,98,premierleague,2018
Liverpool,38,30,7,1,89,22,67,97,premierleague,2018
Chelsea,38,21,9,8,63,39,24,72,premierleague,2018
Tottenham,38,23,2,13,67,39,28,71,premierleague,2018
Arsenal,38,21,7,10,73,51,22,70,premierleague,2018
Man Utd,38,19,9,10,65,54,11,66,premierleague,2018
Wolves,38,16,9,13,47,46,1,57,premierleague,2018
Everton,38,15,9,14,54,46,8,54,premierleague,2018
Leicester,38,15,7,16,51,48,3,52,premierleague,2018
West Ham,38,15,7,16,52,55,-3,52,premierleague,2018
Watford,38,14,8,16,52,59,-7,50,premierleague,2018
Crystal Palace,38,14,7,17,51,53,-2,49,premierleague,2018
Newcastle,38,12,9,17,42,48,-6,45,premierleague,2018
Bournemouth,38,13,6,19,56,70,-14,45,premierleague,2018
Burnley,38,11,7,20,45,68,-23,40,premierleague,2018
Southampton,38,9,12,17,45,65,-20,39,premierleague,2018
Brighton,38,9,9,20,35,60,-25,36,premierleague,2018
Cardiff,38,10,4,24,34,69,-35,34,premierleague,2018
Fulham,38,7,5,26,34,81,-47,26,premierleague,2018
Huddersfield,38,3,7,28,22,76,-54,16,premierleague,2018
Liverpool,38,32,3,3,85,33,52,99,premierleague,2019
Man City,38,26,3,9,102,35,67,81,premierleague,2019
Man Utd,38,18,12,8,66,36,30,66,premierleague,2019
Chelsea,38,20,6,12,69,54,15,66,premierleague,2019
Leicester,38,18,8,12,67,41,26,62,premierleague,2019
Tottenham,38,16,11,11,61,47,14,59,premierleague,2019
Wolves,38,15,14,9,51,40,11,59,premierleague,2019
Arsenal,38,14,14,10,56,48,8,56,premierleague,2019
Sheff Utd,38,14,12,12,39,39,0,54,premierleague,2019
Burnley,38,15,9,14,43,50,-7,54,premierleague,2019
Southampton,38,15,7,16,51,60,-9,52,premierleague,2019
Everton,38,13,10,15,44,56,-12,49,premierleague,2019
Newcastle,38,11,11,16,38,58,-20,44,premierleague,2019
Crystal Palace,38,11,10,17,31,50,-19,43,premierleague,2019
Brighton,38,9,14,15,39,54,-15,41,premierleague,2019
West Ham,38,10,9,19,49,62,-13,39,premierleague,2019
Aston Villa,38,9,8,21,41,67,-26,35,premierleague,2019
Bournemouth,38,9,7,22,40,65,-25,34,premierleague,2019
Watford,38,8,10,20,36,64,-28,34,premierleague,2019
Norwich,38,5,6,27,26,75,-49,21,premierleague,2019
Man City,38,27,5,6,83,32,51,86,premierleague,2020
Man Utd,38,21,11,6,73,44,29,74,premierleague,2020
Liverpool,38,20,9,9,68,42,26,69,premierleague,2020
Chelsea,38,19,10,9,58,36,22,67,premierleague,2020
Leicester,38,20,6,12,68,50,18,66,premierleague,2020
West Ham,38,19,8,11,62,47,15,65,premierleague,2020
Tottenham,38,18,8,12,68,45,23,62,premierleague,2020
Arsenal,38,18,7,13,55,39,16,61,premierleague,2020
Leeds,38,18,5,15,62,54,8,59,premierleague,2020
Everton,38,17,8,13,47,48,-1,59,premierleague,2020
Aston Villa,38,16,7,15,55,46,9,55,premierleague,2020
Newcastle,38,12,9,17,46,62,-16,45,premierleague,2020
Wolves,38,12,9,17,36,52,-16,45,premierleague,2020
Crystal Palace,38,12,8,18,41,66,-25,44,premierleague,2020
Southampton,38,12,7,19,47,68,-21,43,premierleague,2020
Brighton,38,9,14,15,40,46,-6,41,premierleague,2020
Burnley,38,10,9,19,33,55,-22,39,premierleague,2020
Fulham,38,5,13,20,27,53,-26,28,premierleague,2020
West Brom,38,5,11,22,35,76,-41,26,premierleague,2020
Sheff Utd,38,7,2,29,20,63,-43,23,premierleague,2020
Man City,38,29,6,3,99,26,73,93,premierleague,2021
Liverpool,38,28,8,2,94,26,68,92,premierleague,2021
Chelsea,38,21,11,6,76,33,43,74,premierleague,2021
Tottenham,38,22,5,11,69,40,29,71,premierleague,2021
Arsenal,38,22,3,13,61,48,13,69,premierleague,2021
Man Utd,38,16,10,12,57,57,0,58,premierleague,2021
West Ham,38,16,8,14,60,51,9,56,premierleague,2021
Leicester,38,14,10,14,62,59,3,52,premierleague,2021
Brighton,38,12,15,11,42,44,-2,51,premierleague,2021
Wolves,38,15,6,17,38,43,-5,51,premierleague,2021
Newcastle,38,13,10,15,44,62,-18,49,premierleague,2021
Crystal Palace,38,11,15,12,50,46,4,48,premierleague,2021
Brentford,38,13,7,18,48,56,-8,46,premierleague,2021
Aston Villa,38,13,6,19,52,54,-2,45,premierleague,2021
Southampton,38,9,13,16,43,67,-24,40,premierleague,2021
Everton,38,11,6,21,43,66,-23,39,premierleague,2021
Leeds,38,9,11,18,42,79,-37,38,premierleague,2021
Burnley,38,7,14,17,34,53,-19,35,premierleague,2021
Watford,38,6,5,27,34,77,-43,23,premierleague,2021
Norwich,38,5,7,26,23,84,-61,22,premierleague,2021
Man City,38,28,5,5,94,33,61,89,premierleague,2022
Arsenal,38,26,6,6,88,43,45,84,premierleague,2022
Man Utd,38,23,6,9,58,43,15,75,premierleague,2022
Newcastle,38,19,14,5,68,33,35,71,premierleague,2022
Liverpool,38,19,10,9,75,47,28,67,premierleague,2022
Brighton,38,18,8,12,72,53,19,62,premierleague,2022
Aston Villa,38,18,7,13,51,46,5,61,premierleague,2022
Tottenham,38,18,6,14,70,63,7,60,premierleague,2022
Brentford,38,15,14,9,58,46,12,59,premierleague,2022
Fulham,38,15,7,16,55,53,2,52,premierleague,2022
Crystal Palace,38,11,12,15,40,49,-9,45,premierleague,2022
Chelsea,38,11,11,16,38,47,-9,44,premierleague,2022
Wolves,38,11,8,19,31,58,-27,41,premierleague,2022
West Ham,38,11,7,20,42,55,-13,40,premierleague,2022
Bournemouth,38,11,6,21,37,71,-34,39,premierleague,2022
Nottm Forest,38,9,11,18,38,68,-30,38,premierleague,2022
Everton,38,8,12,18,34,57,-23,36,premierleague,2022
Leicester,38,9,7,22,51,68,-17,34,premierleague,2022
Leeds,38,7,10,21,48,78,-30,31,premierleague,2022
Southampton,38,6,7,25,36,73,-37,25,premierleague,2022
Man City,38,28,7,3,96,34,62,91,premierleague,2023
Arsenal,38,28,5,5,91,29,62,89,premierleague,2023
Liverpool,38,24,10,4,86,41,45,82,premierleague,2023
Aston Villa,38,20,8,10,76,61,15,68,premierleague,2023
Tottenham,38,20,6,12,74,61,13,66,premierleague,2023
Chelsea,38,18,9,11,77,63,14,63,premierleague,2023
Newcastle,38,18,6,14,85,62,23,60,premierleague,2023
Man Utd,38,18,6,14,57,58,-1,60,premierleague,2023
West Ham,38,14,10,14,60,74,-14,52,premierleague,2023
Crystal Palace,38,13,10,15,57,58,-1,49,premierleague,2023
Brighton,38,12,12,14,55,62,-7,48,premierleague,2023
Bournemouth,38,13,9,16,54,67,-13,48,premierleague,2023
Fulham,38,13,8,17,55,61,-6,47,premierleague,2023
Wolves,38,13,7,18,50,65,-15,46,premierleague,2023
Everton,38,13,9,16,40,51,-11,40,premierleague,2023
Brentford,38,10,9,19,56,65,-9,39,premierleague,2023
Nottm Forest,38,9,9,20,49,67,-18,32,premierleague,2023
Luton,38,6,8,24,52,85,-33,26,premierleague,2023
Burnley,38,5,9,24,41,78,-37,24,premierleague,2023
Sheff Utd,38,3,7,28,35,104,-69,16,premierleague,2023
Liverpool,32,23,7,2,74,31,43,76,premierleague,2024
Arsenal,32,17,12,3,57,27,30,63,premierleague,2024
Nottm Forest,32,17,6,9,51,38,13,57,premierleague,2024
Newcastle,31,17,5,9,56,40,16,56,premierleague,2024
Man City,32,16,7,9,62,42,20,55,premierleague,2024
Chelsea,32,15,9,8,56,39,17,54,premierleague,2024
Aston Villa,32,15,9,8,49,46,3,54,premierleague,2024
Fulham,31,13,9,9,47,42,5,48,premierleague,2024
Brighton,32,12,12,8,51,49,2,48,premierleague,2024
Bournemouth,31,12,9,10,51,40,11,45,premierleague,2024
Brentford,32,12,7,13,52,48,4,43,premierleague,2024
Crystal Palace,31,11,10,10,41,40,1,43,premierleague,2024
Everton,32,8,14,10,34,38,-4,38,premierleague,2024
Man Utd,32,10,8,14,38,45,-7,38,premierleague,2024
Tottenham,32,11,4,17,60,49,11,37,premierleague,2024
Wolves,32,10,5,17,47,61,-14,35,premierleague,2024
West Ham,32,9,8,15,36,54,-18,35,premierleague,2024
Ipswich,32,4,9,19,33,67,-34,21,premierleague,2024
Leicester,32,4,6,22,27,72,-45,18,premierleague,2024
Southampton,32,2,4,26,23,77,-54,10,premierleague,2024
Bayern Munich,34,25,4,5,80,18,62,79,bundesliga,2014
VfL Wolfsburg,34,20,9,5,72,38,34,69,bundesliga,2014
Bor. M'gladbach,34,19,9,6,53,26,27,66,bundesliga,2014
B. Leverkusen,34,17,10,7,62,37,25,61,bundesliga,2014
FC Augsburg,34,15,4,15,43,43,0,49,bundesliga,2014
FC Schalke 04,34,13,9,12,42,40,2,48,bundesliga,2014
Bor. Dortmund,34,13,7,14,47,42,5,46,bundesliga,2014
TSG Hoffenheim,34,12,8,14,49,55,-6,44,bundesliga,2014
E. Frankfurt,34,11,10,13,56,62,-6,43,bundesliga,2014
Werder Bremen,34,11,10,13,50,65,-15,43,bundesliga,2014
1.FSV Mainz 05,34,9,13,12,45,47,-2,40,bundesliga,2014
1.FC Köln,34,9,13,12,34,40,-6,40,bundesliga,2014
Hannover 96,34,9,10,15,40,56,-16,37,bundesliga,2014
VfB Stuttgart,34,9,9,16,42,60,-18,36,bundesliga,2014
Hertha BSC,34,9,8,17,36,52,-16,35,bundesliga,2014
Hamburger SV,34,9,8,17,25,50,-25,35,bundesliga,2014
SC Freiburg,34,7,13,14,36,47,-11,34,bundesliga,2014
SC Paderborn,34,7,10,17,31,65,-34,31,bundesliga,2014
Bayern Munich,34,28,4,2,80,17,63,88,bundesliga,2015
Bor. Dortmund,34,24,6,4,82,34,48,78,bundesliga,2015
B. Leverkusen,34,18,6,10,56,40,16,60,bundesliga,2015
Bor. M'gladbach,34,17,4,13,67,50,17,55,bundesliga,2015
FC Schalke 04,34,15,7,12,51,49,2,52,bundesliga,2015
1.FSV Mainz 05,34,14,8,12,46,42,4,50,bundesliga,2015
Hertha BSC,34,14,8,12,42,42,0,50,bundesliga,2015
VfL Wolfsburg,34,12,9,13,47,49,-2,45,bundesliga,2015
1.FC Köln,34,10,13,11,38,42,-4,43,bundesliga,2015
Hamburger SV,34,11,8,15,40,46,-6,41,bundesliga,2015
FC Ingolstadt,34,10,10,14,33,42,-9,40,bundesliga,2015
FC Augsburg,34,9,11,14,42,52,-10,38,bundesliga,2015
Werder Bremen,34,10,8,16,50,65,-15,38,bundesliga,2015
Darmstadt 98,34,9,11,14,38,53,-15,38,bundesliga,2015
TSG Hoffenheim,34,9,10,15,39,54,-15,37,bundesliga,2015
E. Frankfurt,34,9,9,16,34,52,-18,36,bundesliga,2015
VfB Stuttgart,34,9,6,19,50,75,-25,33,bundesliga,2015
Hannover 96,34,7,4,23,31,62,-31,25,bundesliga,2015
Bayern Munich,34,25,7,2,89,22,67,82,bundesliga,2016
RB Leipzig,34,20,7,7,66,39,27,67,bundesliga,2016
Bor. Dortmund,34,18,10,6,72,40,32,64,bundesliga,2016
TSG Hoffenheim,34,16,14,4,64,37,27,62,bundesliga,2016
1.FC Köln,34,12,13,9,51,42,9,49,bundesliga,2016
Hertha BSC,34,15,4,15,43,47,-4,49,bundesliga,2016
SC Freiburg,34,14,6,14,42,60,-18,48,bundesliga,2016
Werder Bremen,34,13,6,15,61,64,-3,45,bundesliga,2016
Bor. M'gladbach,34,12,9,13,45,49,-4,45,bundesliga,2016
FC Schalke 04,34,11,10,13,45,40,5,43,bundesliga,2016
E. Frankfurt,34,11,9,14,36,43,-7,42,bundesliga,2016
B. Leverkusen,34,11,8,15,53,55,-2,41,bundesliga,2016
FC Augsburg,34,9,11,14,35,51,-16,38,bundesliga,2016
Hamburger SV,34,10,8,16,33,61,-28,38,bundesliga,2016
1.FSV Mainz 05,34,10,7,17,44,55,-11,37,bundesliga,2016
VfL Wolfsburg,34,10,7,17,34,52,-18,37,bundesliga,2016
FC Ingolstadt,34,8,8,18,36,57,-21,32,bundesliga,2016
Darmstadt 98,34,7,4,23,28,63,-35,25,bundesliga,2016
Bayern Munich,34,27,3,4,92,28,64,84,bundesliga,2017
FC Schalke 04,34,18,9,7,53,37,16,63,bundesliga,2017
TSG Hoffenheim,34,15,10,9,66,48,18,55,bundesliga,2017
Bor. Dortmund,34,15,10,9,64,47,17,55,bundesliga,2017
B. Leverkusen,34,15,10,9,58,44,14,55,bundesliga,2017
RB Leipzig,34,15,8,11,57,53,4,53,bundesliga,2017
VfB Stuttgart,34,15,6,13,36,36,0,51,bundesliga,2017
E. Frankfurt,34,14,7,13,45,45,0,49,bundesliga,2017
Bor. M'gladbach,34,13,8,13,47,52,-5,47,bundesliga,2017
Hertha BSC,34,10,13,11,43,46,-3,43,bundesliga,2017
Werder Bremen,34,10,12,12,37,40,-3,42,bundesliga,2017
FC Augsburg,34,10,11,13,43,46,-3,41,bundesliga,2017
Hannover 96,34,10,9,15,44,54,-10,39,bundesliga,2017
1.FSV Mainz 05,34,9,9,16,38,52,-14,36,bundesliga,2017
SC Freiburg,34,8,12,14,32,56,-24,36,bundesliga,2017
VfL Wolfsburg,34,6,15,13,36,48,-12,33,bundesliga,2017
Hamburger SV,34,8,7,19,29,53,-24,31,bundesliga,2017
1.FC Köln,34,5,7,22,35,70,-35,22,bundesliga,2017
Bayern Munich,34,24,6,4,88,32,56,78,bundesliga,2018
Bor. Dortmund,34,23,7,4,81,44,37,76,bundesliga,2018
RB Leipzig,34,19,9,6,63,29,34,66,bundesliga,2018
B. Leverkusen,34,18,4,12,69,52,17,58,bundesliga,2018
Bor. M'gladbach,34,16,7,11,55,42,13,55,bundesliga,2018
VfL Wolfsburg,34,16,7,11,62,50,12,55,bundesliga,2018
E. Frankfurt,34,15,9,10,60,48,12,54,bundesliga,2018
Werder Bremen,34,14,11,9,58,49,9,53,bundesliga,2018
TSG Hoffenheim,34,13,12,9,70,52,18,51,bundesliga,2018
F. Düsseldorf,34,13,5,16,49,65,-16,44,bundesliga,2018
Hertha BSC,34,11,10,13,49,57,-8,43,bundesliga,2018
1.FSV Mainz 05,34,12,7,15,46,57,-11,43,bundesliga,2018
SC Freiburg,34,8,12,14,46,61,-15,36,bundesliga,2018
FC Schalke 04,34,8,9,17,37,55,-18,33,bundesliga,2018
FC Augsburg,34,8,8,18,51,71,-20,32,bundesliga,2018
VfB Stuttgart,34,7,7,20,32,70,-38,28,bundesliga,2018
Hannover 96,34,5,6,23,31,71,-40,21,bundesliga,2018
1.FC Nuremberg,34,3,10,21,26,68,-42,19,bundesliga,2018
Bayern Munich,34,26,4,4,100,32,68,82,bundesliga,2019
Bor. Dortmund,34,21,6,7,84,41,43,69,bundesliga,2019
RB Leipzig,34,18,12,4,81,37,44,66,bundesliga,2019
Bor. M'gladbach,34,20,5,9,66,40,26,65,bundesliga,2019
B. Leverkusen,34,19,6,9,61,44,17,63,bundesliga,2019
TSG Hoffenheim,34,15,7,12,53,53,0,52,bundesliga,2019
VfL Wolfsburg,34,13,10,11,48,46,2,49,bundesliga,2019
SC Freiburg,34,13,9,12,48,47,1,48,bundesliga,2019
E. Frankfurt,34,13,6,15,59,60,-1,45,bundesliga,2019
Hertha BSC,34,11,8,15,48,59,-11,41,bundesliga,2019
Union Berlin,34,12,5,17,41,58,-17,41,bundesliga,2019
FC Schalke 04,34,9,12,13,38,58,-20,39,bundesliga,2019
1.FSV Mainz 05,34,11,4,19,44,65,-21,37,bundesliga,2019
1.FC Köln,34,10,6,18,51,69,-18,36,bundesliga,2019
FC Augsburg,34,9,9,16,45,63,-18,36,bundesliga,2019
Werder Bremen,34,8,7,19,42,69,-27,31,bundesliga,2019
F. Düsseldorf,34,6,12,16,36,67,-31,30,bundesliga,2019
SC Paderborn,34,4,8,22,37,74,-37,20,bundesliga,2019
Bayern Munich,34,24,6,4,99,44,55,78,bundesliga,2020
RB Leipzig,34,19,8,7,60,32,28,65,bundesliga,2020
Bor. Dortmund,34,20,4,10,75,46,29,64,bundesliga,2020
VfL Wolfsburg,34,17,10,7,61,37,24,61,bundesliga,2020
E. Frankfurt,34,16,12,6,69,53,16,60,bundesliga,2020
B. Leverkusen,34,14,10,10,53,39,14,52,bundesliga,2020
Union Berlin,34,12,14,8,50,43,7,50,bundesliga,2020
Bor. M'gladbach,34,13,10,11,64,56,8,49,bundesliga,2020
VfB Stuttgart,34,12,9,13,56,55,1,45,bundesliga,2020
SC Freiburg,34,12,9,13,52,52,0,45,bundesliga,2020
TSG Hoffenheim,34,11,10,13,52,54,-2,43,bundesliga,2020
1.FSV Mainz 05,34,10,9,15,39,56,-17,39,bundesliga,2020
FC Augsburg,34,10,6,18,36,54,-18,36,bundesliga,2020
Hertha BSC,34,8,11,15,41,52,-11,35,bundesliga,2020
Arm. Bielefeld,34,9,8,17,26,52,-26,35,bundesliga,2020
1.FC Köln,34,8,9,17,34,60,-26,33,bundesliga,2020
Werder Bremen,34,7,10,17,36,57,-21,31,bundesliga,2020
FC Schalke 04,34,3,7,24,25,86,-61,16,bundesliga,2020
Bayern Munich,34,24,5,5,97,37,60,77,bundesliga,2021
Bor. Dortmund,34,22,3,9,85,52,33,69,bundesliga,2021
B. Leverkusen,34,19,7,8,80,47,33,64,bundesliga,2021
RB Leipzig,34,17,7,10,72,37,35,58,bundesliga,2021
Union Berlin,34,16,9,9,50,44,6,57,bundesliga,2021
SC Freiburg,34,15,10,9,58,46,12,55,bundesliga,2021
1.FC Köln,34,14,10,10,52,49,3,52,bundesliga,2021
1.FSV Mainz 05,34,13,7,14,50,45,5,46,bundesliga,2021
TSG Hoffenheim,34,13,7,14,58,60,-2,46,bundesliga,2021
Bor. M'gladbach,34,12,9,13,54,61,-7,45,bundesliga,2021
E. Frankfurt,34,10,12,12,45,49,-4,42,bundesliga,2021
VfL Wolfsburg,34,12,6,16,43,54,-11,42,bundesliga,2021
VfL Bochum,34,12,6,16,38,52,-14,42,bundesliga,2021
FC Augsburg,34,10,8,16,39,56,-17,38,bundesliga,2021
VfB Stuttgart,34,7,12,15,41,59,-18,33,bundesliga,2021
Hertha BSC,34,9,6,19,37,71,-34,33,bundesliga,2021
Arm. Bielefeld,34,5,13,16,27,53,-26,28,bundesliga,2021
Greuther Fürth,34,3,9,22,28,82,-54,18,bundesliga,2021
Bayern Munich,34,21,8,5,92,38,54,71,bundesliga,2022
Bor. Dortmund,34,22,5,7,83,44,39,71,bundesliga,2022
RB Leipzig,34,20,6,8,64,41,23,66,bundesliga,2022
Union Berlin,34,18,8,8,51,38,13,62,bundesliga,2022
SC Freiburg,34,17,8,9,51,44,7,59,bundesliga,2022
B. Leverkusen,34,14,8,12,57,49,8,50,bundesliga,2022
E. Frankfurt,34,13,11,10,58,52,6,50,bundesliga,2022
VfL Wolfsburg,34,13,10,11,57,48,9,49,bundesliga,2022
1.FSV Mainz 05,34,12,10,12,54,55,-1,46,bundesliga,2022
Bor. M'gladbach,34,11,10,13,52,55,-3,43,bundesliga,2022
1.FC Köln,34,10,12,12,49,54,-5,42,bundesliga,2022
TSG Hoffenheim,34,10,6,18,48,57,-9,36,bundesliga,2022
Werder Bremen,34,10,6,18,51,64,-13,36,bundesliga,2022
VfL Bochum,34,10,5,19,40,72,-32,35,bundesliga,2022
FC Augsburg,34,9,7,18,42,63,-21,34,bundesliga,2022
VfB Stuttgart,34,7,12,15,45,57,-12,33,bundesliga,2022
FC Schalke 04,34,7,10,17,35,71,-36,31,bundesliga,2022
Hertha BSC,34,7,8,19,42,69,-27,29,bundesliga,2022
B. Leverkusen,34,28,6,0,89,24,65,90,bundesliga,2023
VfB Stuttgart,34,23,4,7,78,39,39,73,bundesliga,2023
Bayern Munich,34,23,3,8,94,45,49,72,bundesliga,2023
RB Leipzig,34,19,8,7,77,39,38,65,bundesliga,2023
Bor. Dortmund,34,18,9,7,68,43,25,63,bundesliga,2023
E. Frankfurt,34,11,14,9,51,50,1,47,bundesliga,2023
TSG Hoffenheim,34,13,7,14,66,66,0,46,bundesliga,2023
Heidenheim,34,10,12,12,50,55,-5,42,bundesliga,2023
Werder Bremen,34,11,9,14,48,54,-6,42,bundesliga,2023
SC Freiburg,34,11,9,14,45,58,-13,42,bundesliga,2023
FC Augsburg,34,10,9,15,50,60,-10,39,bundesliga,2023
VfL Wolfsburg,34,10,7,17,41,56,-15,37,bundesliga,2023
1.FSV Mainz 05,34,7,14,13,39,51,-12,35,bundesliga,2023
Bor. M'gladbach,34,7,13,14,56,67,-11,34,bundesliga,2023
Union Berlin,34,9,6,19,33,58,-25,33,bundesliga,2023
VfL Bochum,34,7,12,15,42,74,-32,33,bundesliga,2023
1.FC Köln,34,5,12,17,28,60,-32,27,bundesliga,2023
Darmstadt 98,34,3,8,23,30,86,-56,17,bundesliga,2023
Bayern Munich,29,21,6,2,83,29,54,69,bundesliga,2024
B. Leverkusen,29,18,9,2,63,34,29,63,bundesliga,2024
E. Frankfurt,29,15,6,8,58,42,16,51,bundesliga,2024
RB Leipzig,29,13,9,7,47,37,10,48,bundesliga,2024
1.FSV Mainz 05,29,13,7,9,46,34,12,46,bundesliga,2024
SC Freiburg,29,13,6,10,40,45,-5,45,bundesliga,2024
Bor. M'gladbach,29,13,5,11,46,43,3,44,bundesliga,2024
Bor. Dortmund,29,12,6,11,54,45,9,42,bundesliga,2024
Werder Bremen,29,12,6,11,47,54,-7,42,bundesliga,2024
FC Augsburg,29,11,9,9,33,40,-7,42,bundesliga,2024
VfB Stuttgart,29,11,7,11,52,46,6,40,bundesliga,2024
VfL Wolfsburg,29,10,8,11,51,45,6,38,bundesliga,2024
Union Berlin,29,9,7,13,26,40,-14,34,bundesliga,2024
TSG Hoffenheim,29,7,9,13,36,52,-16,30,bundesliga,2024
FC St. Pauli,29,8,5,16,25,35,-10,29,bundesliga,2024
Heidenheim,29,6,4,19,32,56,-24,22,bundesliga,2024
VfL Bochum,29,5,5,19,29,61,-32,20,bundesliga,2024
Holstein Kiel,29,4,6,19,40,70,-30,18,bundesliga,2024
Barcelona,38,30,4,4,110,21,89,94,laliga,2014
Real Madrid,38,30,2,6,118,38,80,92,laliga,2014
Atlético Madrid,38,23,9,6,67,29,38,78,laliga,2014
Valencia,38,22,11,5,70,32,38,77,laliga,2014
Sevilla FC,38,23,7,8,71,45,26,76,laliga,2014
Villarreal,38,16,12,10,48,37,11,60,laliga,2014
Athletic,38,15,10,13,42,41,1,55,laliga,2014
Celta de Vigo,38,13,12,13,47,44,3,51,laliga,2014
Málaga CF,38,14,8,16,42,48,-6,50,laliga,2014
Espanyol,38,13,10,15,47,51,-4,49,laliga,2014
Rayo Vallecano,38,15,4,19,46,68,-22,49,laliga,2014
Real Sociedad,38,11,13,14,44,51,-7,46,laliga,2014
Elche CF,38,11,8,19,35,62,-27,41,laliga,2014
Levante,38,9,10,19,34,67,-33,37,laliga,2014
Getafe,38,10,7,21,33,64,-31,37,laliga,2014
Dep. La Coruña,38,7,14,17,35,60,-25,35,laliga,2014
Granada CF,38,7,14,17,29,64,-35,35,laliga,2014
SD Eibar,38,9,8,21,34,55,-21,35,laliga,2014
UD Almería,38,8,8,22,35,64,-29,29,laliga,2014
Córdoba CF,38,3,11,24,22,68,-46,20,laliga,2014
Barcelona,38,29,4,5,112,29,83,91,laliga,2015
Real Madrid,38,28,6,4,110,34,76,90,laliga,2015
Atlético Madrid,38,28,4,6,63,18,45,88,laliga,2015
Villarreal,38,18,10,10,44,35,9,64,laliga,2015
Athletic,38,18,8,12,58,45,13,62,laliga,2015
Celta de Vigo,38,17,9,12,51,59,-8,60,laliga,2015
Sevilla FC,38,14,10,14,51,50,1,52,laliga,2015
Málaga CF,38,12,12,14,38,35,3,48,laliga,2015
Real Sociedad,38,13,9,16,45,48,-3,48,laliga,2015
Real Betis,38,11,12,15,34,52,-18,45,laliga,2015
UD Las Palmas,38,12,8,18,45,53,-8,44,laliga,2015
Valencia,38,11,11,16,46,48,-2,44,laliga,2015
SD Eibar,38,11,10,17,49,61,-12,43,laliga,2015
Espanyol,38,12,7,19,40,74,-34,43,laliga,2015
Dep. La Coruña,38,8,18,12,45,61,-16,42,laliga,2015
Granada CF,38,10,9,19,46,69,-23,39,laliga,2015
Sporting Gijón,38,10,9,19,40,62,-22,39,laliga,2015
Rayo Vallecano,38,9,11,18,52,73,-21,38,laliga,2015
Getafe,38,9,9,20,37,67,-30,36,laliga,2015
Levante,38,8,8,22,37,70,-33,32,laliga,2015
Real Madrid,38,29,6,3,106,41,65,93,laliga,2016
Barcelona,38,28,6,4,116,37,79,90,laliga,2016
Atlético Madrid,38,23,9,6,70,27,43,78,laliga,2016
Sevilla FC,38,21,9,8,69,49,20,72,laliga,2016
Villarreal,38,19,10,9,56,33,23,67,laliga,2016
Real Sociedad,38,19,7,12,59,53,6,64,laliga,2016
Athletic,38,19,6,13,53,43,10,63,laliga,2016
Espanyol,38,15,11,12,49,50,-1,56,laliga,2016
Alavés,38,14,13,11,41,43,-2,55,laliga,2016
SD Eibar,38,15,9,14,56,51,5,54,laliga,2016
Málaga CF,38,12,10,16,49,55,-6,46,laliga,2016
Valencia,38,13,7,18,56,65,-9,46,laliga,2016
Celta de Vigo,38,13,6,19,53,69,-16,45,laliga,2016
UD Las Palmas,38,10,9,19,53,74,-21,39,laliga,2016
Real Betis,38,10,9,19,41,64,-23,39,laliga,2016
Dep. La Coruña,38,8,12,18,43,61,-18,36,laliga,2016
CD Leganés,38,8,11,19,36,55,-19,35,laliga,2016
Sporting Gijón,38,7,10,21,42,72,-30,31,laliga,2016
CA Osasuna,38,4,10,24,40,94,-54,22,laliga,2016
Granada CF,38,4,8,26,30,82,-52,20,laliga,2016
Barcelona,38,28,9,1,99,29,70,93,laliga,2017
Atlético Madrid,38,23,10,5,58,22,36,79,laliga,2017
Real Madrid,38,22,10,6,94,44,50,76,laliga,2017
Valencia,38,22,7,9,65,38,27,73,laliga,2017
Villarreal,38,18,7,13,57,50,7,61,laliga,2017
Real Betis,38,18,6,14,60,61,-1,60,laliga,2017
Sevilla FC,38,17,7,14,49,58,-9,58,laliga,2017
Getafe,38,15,10,13,42,33,9,55,laliga,2017
SD Eibar,38,14,9,15,44,50,-6,51,laliga,2017
Girona,38,14,9,15,50,59,-9,51,laliga,2017
Espanyol,38,12,13,13,36,42,-6,49,laliga,2017
Real Sociedad,38,14,7,17,66,59,7,49,laliga,2017
Celta de Vigo,38,13,10,15,59,60,-1,49,laliga,2017
Alavés,38,15,2,21,40,50,-10,47,laliga,2017
Levante,38,11,13,14,44,58,-14,46,laliga,2017
Athletic,38,10,13,15,41,49,-8,43,laliga,2017
CD Leganés,38,12,7,19,34,51,-17,43,laliga,2017
Dep. La Coruña,38,6,11,21,38,76,-38,29,laliga,2017
UD Las Palmas,38,5,7,26,24,74,-50,22,laliga,2017
Málaga CF,38,5,5,28,24,61,-37,20,laliga,2017
Barcelona,38,26,9,3,90,36,54,87,laliga,2018
Atlético Madrid,38,22,10,6,55,29,26,76,laliga,2018
Real Madrid,38,21,5,12,63,46,17,68,laliga,2018
Valencia,38,15,16,7,51,35,16,61,laliga,2018
Getafe,38,15,14,9,48,35,13,59,laliga,2018
Sevilla FC,38,17,8,13,62,47,15,59,laliga,2018
Espanyol,38,14,11,13,48,50,-2,53,laliga,2018
Athletic,38,13,14,11,41,45,-4,53,laliga,2018
Real Sociedad,38,13,11,14,45,46,-1,50,laliga,2018
Real Betis,38,14,8,16,44,52,-8,50,laliga,2018
Alavés,38,13,11,14,39,50,-11,50,laliga,2018
SD Eibar,38,11,14,13,46,50,-4,47,laliga,2018
CD Leganés,38,11,12,15,37,43,-6,45,laliga,2018
Villarreal,38,10,14,14,49,52,-3,44,laliga,2018
Levante,38,11,11,16,59,66,-7,44,laliga,2018
Real Valladolid,38,10,11,17,32,51,-19,41,laliga,2018
Celta de Vigo,38,10,11,17,53,62,-9,41,laliga,2018
Girona,38,9,10,19,37,53,-16,37,laliga,2018
SD Huesca,38,7,12,19,43,65,-22,33,laliga,2018
Rayo Vallecano,38,8,8,22,41,70,-29,32,laliga,2018
Real Madrid,38,26,9,3,70,25,45,87,laliga,2019
Barcelona,38,25,7,6,86,38,48,82,laliga,2019
Atlético Madrid,38,18,16,4,51,27,24,70,laliga,2019
Sevilla FC,38,19,13,6,54,34,20,70,laliga,2019
Villarreal,38,18,6,14,63,49,14,60,laliga,2019
Real Sociedad,38,16,8,14,56,48,8,56,laliga,2019
Granada CF,38,16,8,14,52,45,7,56,laliga,2019
Getafe,38,14,12,12,43,37,6,54,laliga,2019
Valencia,38,14,11,13,46,53,-7,53,laliga,2019
CA Osasuna,38,13,13,12,46,54,-8,52,laliga,2019
Athletic,38,13,12,13,41,38,3,51,laliga,2019
Levante,38,14,7,17,47,53,-6,49,laliga,2019
Real Valladolid,38,9,15,14,32,43,-11,42,laliga,2019
SD Eibar,38,11,9,18,39,56,-17,42,laliga,2019
Real Betis,38,10,11,17,48,60,-12,41,laliga,2019
Alavés,38,10,9,19,34,59,-25,39,laliga,2019
Celta de Vigo,38,7,16,15,37,49,-12,37,laliga,2019
CD Leganés,38,8,12,18,30,51,-21,36,laliga,2019
RCD Mallorca,38,9,6,23,40,65,-25,33,laliga,2019
Espanyol,38,5,10,23,27,58,-31,25,laliga,2019
Atlético Madrid,38,26,8,4,67,25,42,86,laliga,2020
Real Madrid,38,25,9,4,67,28,39,84,laliga,2020
Barcelona,38,24,7,7,85,38,47,79,laliga,2020
Sevilla FC,38,24,5,9,53,33,20,77,laliga,2020
Real Sociedad,38,17,11,10,59,38,21,62,laliga,2020
Real Betis,38,17,10,11,50,50,0,61,laliga,2020
Villarreal,38,15,13,10,60,44,16,58,laliga,2020
Celta de Vigo,38,14,11,13,55,57,-2,53,laliga,2020
Athletic,38,11,13,14,46,42,4,46,laliga,2020
Granada CF,38,13,7,18,47,65,-18,46,laliga,2020
CA Osasuna,38,11,11,16,37,48,-11,44,laliga,2020
Cádiz CF,38,11,11,16,36,58,-22,44,laliga,2020
Valencia,38,10,13,15,50,53,-3,43,laliga,2020
Levante,38,9,14,15,46,57,-11,41,laliga,2020
Getafe,38,9,11,18,28,43,-15,38,laliga,2020
Alavés,38,9,11,18,36,57,-21,38,laliga,2020
Elche CF,38,8,12,18,34,55,-21,36,laliga,2020
SD Huesca,38,7,13,18,34,53,-19,34,laliga,2020
Real Valladolid,38,5,16,17,34,57,-23,31,laliga,2020
SD Eibar,38,6,12,20,29,52,-23,30,laliga,2020
Real Madrid,38,26,8,4,80,31,49,86,laliga,2021
Barcelona,38,21,10,7,68,38,30,73,laliga,2021
Atlético Madrid,38,21,8,9,65,43,22,71,laliga,2021
Sevilla FC,38,18,16,4,53,30,23,70,laliga,2021
Real Betis,38,19,8,11,62,40,22,65,laliga,2021
Real Sociedad,38,17,11,10,40,37,3,62,laliga,2021
Villarreal,38,16,11,11,63,37,26,59,laliga,2021
Athletic,38,14,13,11,43,36,7,55,laliga,2021
Valencia,38,11,15,12,48,53,-5,48,laliga,2021
CA Osasuna,38,12,11,15,37,51,-14,47,laliga,2021
Celta de Vigo,38,12,10,16,43,43,0,46,laliga,2021
Rayo Vallecano,38,11,9,18,39,50,-11,42,laliga,2021
Elche CF,38,11,9,18,40,52,-12,42,laliga,2021
Espanyol,38,10,12,16,40,53,-13,42,laliga,2021
Getafe,38,8,15,15,33,41,-8,39,laliga,2021
RCD Mallorca,38,10,9,19,36,63,-27,39,laliga,2021
Cádiz CF,38,8,15,15,35,51,-16,39,laliga,2021
Granada CF,38,8,14,16,44,61,-17,38,laliga,2021
Levante,38,8,11,19,51,76,-25,35,laliga,2021
Alavés,38,8,7,23,31,65,-34,31,laliga,2021
Barcelona,38,28,4,6,70,20,50,88,laliga,2022
Real Madrid,38,24,6,8,75,36,39,78,laliga,2022
Atlético Madrid,38,23,8,7,70,33,37,77,laliga,2022
Real Sociedad,38,21,8,9,51,35,16,71,laliga,2022
Villarreal,38,19,7,12,59,40,19,64,laliga,2022
Real Betis,38,17,9,12,46,41,5,60,laliga,2022
CA Osasuna,38,15,8,15,37,42,-5,53,laliga,2022
Athletic,38,14,9,15,47,43,4,51,laliga,2022
RCD Mallorca,38,14,8,16,37,43,-6,50,laliga,2022
Girona,38,13,10,15,58,55,3,49,laliga,2022
Sevilla FC,38,13,10,15,47,54,-7,49,laliga,2022
Rayo Vallecano,38,13,10,15,45,53,-8,49,laliga,2022
Celta de Vigo,38,11,10,17,43,53,-10,43,laliga,2022
Valencia,38,11,9,18,42,45,-3,42,laliga,2022
Getafe,38,10,12,16,34,45,-11,42,laliga,2022
Cádiz CF,38,10,12,16,30,53,-23,42,laliga,2022
UD Almería,38,11,8,19,49,65,-16,41,laliga,2022
Real Valladolid,38,11,7,20,33,63,-30,40,laliga,2022
Espanyol,38,8,13,17,52,69,-17,37,laliga,2022
Elche CF,38,5,10,23,30,67,-37,25,laliga,2022
Real Madrid,38,29,8,1,87,26,61,95,laliga,2023
Barcelona,38,26,7,5,79,44,35,85,laliga,2023
Girona,38,25,6,7,85,46,39,81,laliga,2023
Atlético Madrid,38,24,4,10,70,43,27,76,laliga,2023
Athletic,38,19,11,8,61,37,24,68,laliga,2023
Real Sociedad,38,16,12,10,51,39,12,60,laliga,2023
Real Betis,38,14,15,9,48,45,3,57,laliga,2023
Villarreal,38,14,11,13,65,65,0,53,laliga,2023
Valencia,38,13,10,15,40,45,-5,49,laliga,2023
Alavés,38,12,10,16,36,46,-10,46,laliga,2023
CA Osasuna,38,12,9,17,45,56,-11,45,laliga,2023
Getafe,38,10,13,15,42,54,-12,43,laliga,2023
Sevilla FC,38,10,11,17,48,54,-6,41,laliga,2023
Celta de Vigo,38,10,11,17,46,57,-11,41,laliga,2023
RCD Mallorca,38,8,16,14,33,44,-11,40,laliga,2023
UD Las Palmas,38,10,10,18,33,47,-14,40,laliga,2023
Rayo Vallecano,38,8,14,16,29,48,-19,38,laliga,2023
Cádiz CF,38,6,15,17,26,55,-29,33,laliga,2023
UD Almería,38,3,12,23,43,75,-32,21,laliga,2023
Granada CF,38,4,9,25,38,79,-41,21,laliga,2023
Barcelona,31,22,4,5,84,29,55,70,laliga,2024
Real Madrid,31,20,6,5,64,31,33,66,laliga,2024
Atlético Madrid,30,17,9,4,49,24,25,60,laliga,2024
Athletic,31,15,12,4,49,25,24,57,laliga,2024
Villarreal,30,14,9,7,53,40,13,51,laliga,2024
Real Betis,31,13,9,9,42,39,3,48,laliga,2024
Celta de Vigo,31,12,7,12,44,45,-1,43,laliga,2024
RCD Mallorca,31,12,7,12,31,37,-6,43,laliga,2024
Real Sociedad,31,12,5,14,30,34,-4,41,laliga,2024
Rayo Vallecano,31,10,10,11,34,38,-4,40,laliga,2024
Getafe,31,10,9,12,31,28,3,39,laliga,2024
CA Osasuna,31,8,14,9,36,44,-8,38,laliga,2024
Valencia,31,9,10,12,35,47,-12,37,laliga,2024
Sevilla FC,31,9,9,13,34,42,-8,36,laliga,2024
Espanyol,30,9,8,13,33,40,-7,35,laliga,2024
Girona,31,9,7,15,38,48,-10,34,laliga,2024
Alavés,31,7,9,15,33,45,-12,30,laliga,2024
UD Las Palmas,31,7,8,16,37,52,-15,29,laliga,2024
CD Leganés,31,6,10,15,29,48,-19,28,laliga,2024
Real Valladolid,30,4,4,22,19,69,-50,16,laliga,2024
Juventus,38,26,9,3,72,24,48,87,seriea,2014
AS Roma,38,19,13,6,54,31,23,70,seriea,2014
Lazio,38,21,6,11,71,38,33,69,seriea,2014
Fiorentina,38,18,10,10,61,46,15,64,seriea,2014
Napoli,38,18,9,11,70,54,16,63,seriea,2014
Genoa,38,16,11,11,62,47,15,59,seriea,2014
Sampdoria,38,13,17,8,48,42,6,56,seriea,2014
Inter,38,14,13,11,59,48,11,55,seriea,2014
Torino,38,14,12,12,48,45,3,54,seriea,2014
AC Milan,38,13,13,12,56,50,6,52,seriea,2014
US Palermo,38,12,13,13,53,55,-2,49,seriea,2014
Sassuolo,38,12,13,13,49,57,-8,49,seriea,2014
Hellas Verona,38,11,13,14,49,65,-16,46,seriea,2014
Chievo Verona,38,10,13,15,28,41,-13,43,seriea,2014
FC Empoli,38,8,18,12,46,52,-6,42,seriea,2014
Udinese,38,10,11,17,43,56,-13,41,seriea,2014
Atalanta BC,38,7,16,15,38,57,-19,37,seriea,2014
Cagliari,38,8,10,20,48,68,-20,34,seriea,2014
Cesena,38,4,12,22,36,73,-37,24,seriea,2014
Parma,38,6,8,24,33,75,-42,19,seriea,2014
Juventus,38,29,4,5,75,20,55,91,seriea,2015
Napoli,38,25,7,6,80,32,48,82,seriea,2015
AS Roma,38,23,11,4,83,41,42,80,seriea,2015
Inter,38,20,7,11,50,38,12,67,seriea,2015
Fiorentina,38,18,10,10,60,42,18,64,seriea,2015
Sassuolo,38,16,13,9,49,40,9,61,seriea,2015
AC Milan,38,15,12,11,49,43,6,57,seriea,2015
Lazio,38,15,9,14,52,52,0,54,seriea,2015
Chievo Verona,38,13,11,14,43,45,-2,50,seriea,2015
Genoa,38,13,7,18,45,48,-3,46,seriea,2015
FC Empoli,38,12,10,16,40,49,-9,46,seriea,2015
Torino,38,12,9,17,52,55,-3,45,seriea,2015
Atalanta BC,38,11,12,15,41,47,-6,45,seriea,2015
Bologna,38,11,9,18,33,45,-12,42,seriea,2015
Sampdoria,38,10,10,18,48,61,-13,40,seriea,2015
US Palermo,38,10,9,19,38,65,-27,39,seriea,2015
Udinese,38,10,9,19,35,60,-25,39,seriea,2015
Carpi,38,9,11,18,37,57,-20,38,seriea,2015
Frosinone,38,8,7,23,35,76,-41,31,seriea,2015
Hellas Verona,38,5,13,20,34,63,-29,28,seriea,2015
Juventus,38,29,4,5,77,27,50,91,seriea,2016
AS Roma,38,28,3,7,90,38,52,87,seriea,2016
Napoli,38,26,8,4,94,39,55,86,seriea,2016
Atalanta BC,38,21,9,8,62,41,21,72,seriea,2016
Lazio,38,21,7,10,74,51,23,70,seriea,2016
AC Milan,38,18,9,11,57,45,12,63,seriea,2016
Inter,38,19,5,14,72,49,23,62,seriea,2016
Fiorentina,38,16,12,10,63,57,6,60,seriea,2016
Torino,38,13,14,11,71,66,5,53,seriea,2016
Sampdoria,38,12,12,14,49,55,-6,48,seriea,2016
Cagliari,38,14,5,19,55,76,-21,47,seriea,2016
Sassuolo,38,13,7,18,58,63,-5,46,seriea,2016
Udinese,38,12,9,17,47,56,-9,45,seriea,2016
Chievo Verona,38,12,7,19,43,61,-18,43,seriea,2016
Bologna,38,11,8,19,40,58,-18,41,seriea,2016
Genoa,38,9,9,20,38,64,-26,36,seriea,2016
Crotone,38,9,7,22,34,58,-24,34,seriea,2016
FC Empoli,38,8,8,22,29,61,-32,32,seriea,2016
US Palermo,38,6,8,24,33,77,-44,26,seriea,2016
Pescara,38,3,9,26,37,81,-44,18,seriea,2016
Juventus,38,30,5,3,86,24,62,95,seriea,2017
Napoli,38,28,7,3,77,29,48,91,seriea,2017
AS Roma,38,23,8,7,61,28,33,77,seriea,2017
Inter,38,20,12,6,66,30,36,72,seriea,2017
Lazio,38,21,9,8,89,49,40,72,seriea,2017
AC Milan,38,18,10,10,56,42,14,64,seriea,2017
Atalanta BC,38,16,12,10,57,39,18,60,seriea,2017
Fiorentina,38,16,9,13,54,46,8,57,seriea,2017
Torino,38,13,15,10,54,46,8,54,seriea,2017
Sampdoria,38,16,6,16,56,60,-4,54,seriea,2017
Sassuolo,38,11,10,17,29,59,-30,43,seriea,2017
Genoa,38,11,8,19,33,43,-10,41,seriea,2017
Chievo Verona,38,10,10,18,36,59,-23,40,seriea,2017
Udinese,38,12,4,22,48,63,-15,40,seriea,2017
Bologna,38,11,6,21,40,52,-12,39,seriea,2017
Cagliari,38,11,6,21,33,61,-28,39,seriea,2017
SPAL,38,8,14,16,39,59,-20,38,seriea,2017
Crotone,38,9,8,21,40,66,-26,35,seriea,2017
Hellas Verona,38,7,4,27,30,78,-48,25,seriea,2017
Benevento,38,6,3,29,33,84,-51,21,seriea,2017
Juventus,38,28,6,4,70,30,40,90,seriea,2018
Napoli,38,24,7,7,74,36,38,79,seriea,2018
Atalanta BC,38,20,9,9,77,46,31,69,seriea,2018
Inter,38,20,9,9,57,33,24,69,seriea,2018
AC Milan,38,19,11,8,55,36,19,68,seriea,2018
AS Roma,38,18,12,8,66,48,18,66,seriea,2018
Torino,38,16,15,7,52,37,15,63,seriea,2018
Lazio,38,17,8,13,56,46,10,59,seriea,2018
Sampdoria,38,15,8,15,60,51,9,53,seriea,2018
Bologna,38,11,11,16,48,56,-8,44,seriea,2018
Sassuolo,38,9,16,13,53,60,-7,43,seriea,2018
Udinese,38,11,10,17,39,53,-14,43,seriea,2018
SPAL,38,11,9,18,44,56,-12,42,seriea,2018
Parma,38,10,11,17,41,61,-20,41,seriea,2018
Cagliari,38,10,11,17,36,54,-18,41,seriea,2018
Fiorentina,38,8,17,13,47,45,2,41,seriea,2018
Genoa,38,8,14,16,39,57,-18,38,seriea,2018
FC Empoli,38,10,8,20,51,70,-19,38,seriea,2018
Frosinone,38,5,10,23,29,69,-40,25,seriea,2018
Chievo Verona,38,2,14,22,25,75,-50,17,seriea,2018
Juventus,38,26,5,7,76,43,33,83,seriea,2019
Inter,38,24,10,4,81,36,45,82,seriea,2019
Atalanta BC,38,23,9,6,98,48,50,78,seriea,2019
Lazio,38,24,6,8,79,42,37,78,seriea,2019
AS Roma,38,21,7,10,77,51,26,70,seriea,2019
AC Milan,38,19,9,10,63,46,17,66,seriea,2019
Napoli,38,18,8,12,61,50,11,62,seriea,2019
Sassuolo,38,14,9,15,69,63,6,51,seriea,2019
Hellas Verona,38,12,13,13,47,51,-4,49,seriea,2019
Fiorentina,38,12,13,13,51,48,3,49,seriea,2019
Parma,38,14,7,17,56,57,-1,49,seriea,2019
Bologna,38,12,11,15,52,65,-13,47,seriea,2019
Udinese,38,12,9,17,37,51,-14,45,seriea,2019
Cagliari,38,11,12,15,52,56,-4,45,seriea,2019
Sampdoria,38,12,6,20,48,65,-17,42,seriea,2019
Torino,38,11,7,20,46,68,-22,40,seriea,2019
Genoa,38,10,9,19,47,73,-26,39,seriea,2019
Lecce,38,9,8,21,52,85,-33,35,seriea,2019
Brescia,38,6,7,25,35,79,-44,25,seriea,2019
SPAL,38,5,5,28,27,77,-50,20,seriea,2019
Inter,38,28,7,3,89,35,54,91,seriea,2020
AC Milan,38,24,7,7,74,41,33,79,seriea,2020
Atalanta BC,38,23,9,6,90,47,43,78,seriea,2020
Juventus,38,23,9,6,77,38,39,78,seriea,2020
Napoli,38,24,5,9,86,41,45,77,seriea,2020
Lazio,38,21,5,12,61,55,6,68,seriea,2020
AS Roma,38,18,8,12,68,58,10,62,seriea,2020
Sassuolo,38,17,11,10,64,56,8,62,seriea,2020
Sampdoria,38,15,7,16,52,54,-2,52,seriea,2020
Hellas Verona,38,11,12,15,46,48,-2,45,seriea,2020
Genoa,38,10,12,16,47,58,-11,42,seriea,2020
Bologna,38,10,11,17,51,65,-14,41,seriea,2020
Fiorentina,38,9,13,16,47,59,-12,40,seriea,2020
Udinese,38,10,10,18,42,58,-16,40,seriea,2020
Spezia Calcio,38,9,12,17,52,72,-20,39,seriea,2020
Cagliari,38,9,10,19,43,59,-16,37,seriea,2020
Torino,38,7,16,15,50,69,-19,37,seriea,2020
Benevento,38,7,12,19,40,75,-35,33,seriea,2020
Crotone,38,6,5,27,45,92,-47,23,seriea,2020
Parma,38,3,11,24,39,83,-44,20,seriea,2020
AC Milan,38,26,8,4,69,31,38,86,seriea,2021
Inter,38,25,9,4,84,32,52,84,seriea,2021
Napoli,38,24,7,7,74,31,43,79,seriea,2021
Juventus,38,20,10,8,57,37,20,70,seriea,2021
Lazio,38,18,10,10,77,58,19,64,seriea,2021
AS Roma,38,18,9,11,59,43,16,63,seriea,2021
Fiorentina,38,19,5,14,59,51,8,62,seriea,2021
Atalanta BC,38,16,11,11,65,48,17,59,seriea,2021
Hellas Verona,38,14,11,13,65,59,6,53,seriea,2021
Torino,38,13,11,14,46,41,5,50,seriea,2021
Sassuolo,38,13,11,14,64,66,-2,50,seriea,2021
Udinese,38,11,14,13,61,58,3,47,seriea,2021
Bologna,38,12,10,16,44,55,-11,46,seriea,2021
FC Empoli,38,10,11,17,50,70,-20,41,seriea,2021
Sampdoria,38,10,6,22,46,63,-17,36,seriea,2021
Spezia Calcio,38,10,6,22,41,71,-30,36,seriea,2021
Salernitana,38,7,10,21,33,78,-45,31,seriea,2021
Cagliari,38,6,12,20,34,68,-34,30,seriea,2021
Genoa,38,4,16,18,27,60,-33,28,seriea,2021
Venezia,38,6,9,23,34,69,-35,27,seriea,2021
Napoli,38,28,6,4,77,28,49,90,seriea,2022
Lazio,38,22,8,8,60,30,30,74,seriea,2022
Inter,38,23,3,12,71,42,29,72,seriea,2022
AC Milan,38,20,10,8,64,43,21,70,seriea,2022
Atalanta BC,38,19,7,12,66,48,18,64,seriea,2022
AS Roma,38,18,9,11,50,38,12,63,seriea,2022
Juventus,38,22,6,10,56,33,23,62,seriea,2022
Fiorentina,38,15,11,12,53,43,10,56,seriea,2022
Bologna,38,14,12,12,53,49,4,54,seriea,2022
Torino,38,14,11,13,42,41,1,53,seriea,2022
Monza,38,14,10,14,48,52,-4,52,seriea,2022
Udinese,38,11,13,14,47,48,-1,46,seriea,2022
Sassuolo,38,12,9,17,47,61,-14,45,seriea,2022
FC Empoli,38,10,13,15,37,49,-12,43,seriea,2022
Salernitana,38,9,15,14,48,62,-14,42,seriea,2022
Lecce,38,8,12,18,33,46,-13,36,seriea,2022
Spezia Calcio,38,6,13,19,31,62,-31,31,seriea,2022
Hellas Verona,38,7,10,21,31,59,-28,31,seriea,2022
Cremonese,38,5,12,21,36,69,-33,27,seriea,2022
Sampdoria,38,3,10,25,24,71,-47,19,seriea,2022
Inter,38,29,7,2,89,22,67,94,seriea,2023
AC Milan,38,22,9,7,76,49,27,75,seriea,2023
Juventus,38,19,14,5,54,31,23,71,seriea,2023
Atalanta BC,38,21,6,11,72,42,30,69,seriea,2023
Bologna,38,18,14,6,54,32,22,68,seriea,2023
AS Roma,38,18,9,11,65,46,19,63,seriea,2023
Lazio,38,18,7,13,49,39,10,61,seriea,2023
Fiorentina,38,17,9,12,61,46,15,60,seriea,2023
Torino,38,13,14,11,36,36,0,53,seriea,2023
Napoli,38,13,14,11,55,48,7,53,seriea,2023
Genoa,38,12,13,13,45,45,0,49,seriea,2023
Monza,38,11,12,15,39,51,-12,45,seriea,2023
Hellas Verona,38,9,11,18,38,51,-13,38,seriea,2023
Lecce,38,8,14,16,32,54,-22,38,seriea,2023
Udinese,38,6,19,13,37,53,-16,37,seriea,2023
Cagliari,38,8,12,18,42,68,-26,36,seriea,2023
FC Empoli,38,9,9,20,29,54,-25,36,seriea,2023
Frosinone,38,8,11,19,44,69,-25,35,seriea,2023
Sassuolo,38,7,9,22,43,75,-32,30,seriea,2023
Salernitana,38,2,11,25,32,81,-49,17,seriea,2023
Inter,32,21,8,3,72,31,41,71,seriea,2024
Napoli,31,19,8,4,48,25,23,65,seriea,2024
Atalanta BC,32,18,7,7,65,30,35,61,seriea,2024
Juventus,32,15,14,3,49,30,19,59,seriea,2024
Bologna,32,15,12,5,51,37,14,57,seriea,2024
Lazio,32,16,8,8,53,43,10,56,seriea,2024
AS Roma,32,15,9,8,47,32,15,54,seriea,2024
Fiorentina,32,15,8,9,49,32,17,53,seriea,2024
AC Milan,32,14,9,9,51,37,14,51,seriea,2024
Torino,32,9,13,10,36,37,-1,40,seriea,2024
Udinese,32,11,7,14,36,46,-10,40,seriea,2024
Genoa,32,9,12,11,29,38,-9,39,seriea,2024
Como,32,9,9,14,40,48,-8,36,seriea,2024
Hellas Verona,32,9,5,18,30,59,-29,32,seriea,2024
Cagliari,32,7,9,16,32,47,-15,30,seriea,2024
Parma,32,5,13,14,37,51,-14,28,seriea,2024
Lecce,32,6,8,18,23,52,-29,26,seriea,2024
Venezia,32,4,12,16,25,44,-19,24,seriea,2024
FC Empoli,31,4,12,15,24,47,-23,24,seriea,2024
Monza,32,2,9,21,25,56,-31,15,seriea,2024
Paris SG,38,24,11,3,83,36,47,83,ligue1,2014
Olympique Lyon,38,22,9,7,72,33,39,75,ligue1,2014
Monaco,38,20,11,7,51,26,25,71,ligue1,2014
Marseille,38,21,6,11,76,42,34,69,ligue1,2014
Saint-Étienne,38,19,12,7,51,30,21,69,ligue1,2014
G. Bordeaux,38,17,12,9,47,44,3,63,ligue1,2014
Montpellier,38,16,8,14,46,39,7,56,ligue1,2014
LOSC Lille,38,16,8,14,43,42,1,56,ligue1,2014
Stade Rennais,38,13,11,14,35,42,-7,50,ligue1,2014
Guingamp,38,15,4,19,41,55,-14,49,ligue1,2014
OGC Nice,38,13,9,16,44,53,-9,48,ligue1,2014
SC Bastia,38,12,11,15,37,46,-9,47,ligue1,2014
SM Caen,38,12,10,16,54,55,-1,46,ligue1,2014
FC Nantes,38,11,12,15,29,40,-11,45,ligue1,2014
Stade Reims,38,12,8,18,47,66,-19,44,ligue1,2014
FC Lorient,38,12,7,19,44,50,-6,43,ligue1,2014
Toulouse,38,12,6,20,43,64,-21,42,ligue1,2014
Évian,38,11,4,23,41,62,-21,37,ligue1,2014
FC Metz,38,7,9,22,31,61,-30,30,ligue1,2014
Lens,38,7,8,23,32,61,-29,29,ligue1,2014
Paris SG,38,30,6,2,102,19,83,96,ligue1,2015
Olympique Lyon,38,19,8,11,67,43,24,65,ligue1,2015
Monaco,38,17,14,7,57,50,7,65,ligue1,2015
OGC Nice,38,18,9,11,58,41,17,63,ligue1,2015
LOSC Lille,38,15,15,8,39,27,12,60,ligue1,2015
Saint-Étienne,38,17,7,14,42,37,5,58,ligue1,2015
SM Caen,38,16,6,16,39,52,-13,54,ligue1,2015
Stade Rennais,38,13,13,12,52,54,-2,52,ligue1,2015
Angers SCO,38,13,11,14,40,38,2,50,ligue1,2015
SC Bastia,38,14,8,16,36,42,-6,50,ligue1,2015
G. Bordeaux,38,12,14,12,50,57,-7,50,ligue1,2015
Montpellier,38,14,7,17,49,47,2,49,ligue1,2015
Marseille,38,10,18,10,48,42,6,48,ligue1,2015
FC Nantes,38,12,12,14,33,44,-11,48,ligue1,2015
FC Lorient,38,11,13,14,47,58,-11,46,ligue1,2015
Guingamp,38,11,11,16,47,56,-9,44,ligue1,2015
Toulouse,38,9,13,16,45,55,-10,40,ligue1,2015
Stade Reims,38,10,9,19,44,57,-13,39,ligue1,2015
G. Ajaccio,38,8,13,17,37,58,-21,37,ligue1,2015
Troyes,38,3,9,26,28,83,-55,18,ligue1,2015
Monaco,38,30,5,3,107,31,76,95,ligue1,2016
Paris SG,38,27,6,5,83,27,56,87,ligue1,2016
OGC Nice,38,22,12,4,63,36,27,78,ligue1,2016
Olympique Lyon,38,20,5,13,77,48,29,67,ligue1,2016
Marseille,38,17,11,10,57,41,16,62,ligue1,2016
G. Bordeaux,38,15,14,9,53,43,10,59,ligue1,2016
FC Nantes,38,14,9,15,40,54,-14,51,ligue1,2016
Saint-Étienne,38,12,14,12,41,42,-1,50,ligue1,2016
Stade Rennais,38,12,14,12,36,42,-6,50,ligue1,2016
Guingamp,38,14,8,16,46,53,-7,50,ligue1,2016
LOSC Lille,38,13,7,18,40,47,-7,46,ligue1,2016
Angers SCO,38,13,7,18,40,49,-9,46,ligue1,2016
Toulouse,38,10,14,14,37,41,-4,44,ligue1,2016
FC Metz,38,11,10,17,39,72,-33,43,ligue1,2016
Montpellier,38,10,9,19,48,66,-18,39,ligue1,2016
Dijon,38,8,13,17,46,58,-12,37,ligue1,2016
SM Caen,38,10,7,21,36,65,-29,37,ligue1,2016
FC Lorient,38,10,6,22,44,70,-26,36,ligue1,2016
AS Nancy,38,9,8,21,29,52,-23,35,ligue1,2016
SC Bastia,38,8,11,19,29,54,-25,34,ligue1,2016
Paris SG,38,29,6,3,108,29,79,93,ligue1,2017
Monaco,38,24,8,6,85,45,40,80,ligue1,2017
Olympique Lyon,38,23,9,6,87,43,44,78,ligue1,2017
Marseille,38,22,11,5,80,47,33,77,ligue1,2017
Stade Rennais,38,16,10,12,50,44,6,58,ligue1,2017
G. Bordeaux,38,16,7,15,53,48,5,55,ligue1,2017
Saint-Étienne,38,15,10,13,47,50,-3,55,ligue1,2017
OGC Nice,38,15,9,14,53,52,1,54,ligue1,2017
FC Nantes,38,14,10,14,36,41,-5,52,ligue1,2017
Montpellier,38,11,18,9,36,33,3,51,ligue1,2017
Dijon,38,13,9,16,55,73,-18,48,ligue1,2017
Guingamp,38,12,11,15,48,59,-11,47,ligue1,2017
Amiens SC,38,12,9,17,37,42,-5,45,ligue1,2017
Angers SCO,38,9,14,15,42,52,-10,41,ligue1,2017
R. Strasbourg,38,9,11,18,44,67,-23,38,ligue1,2017
SM Caen,38,10,8,20,27,52,-25,38,ligue1,2017
LOSC Lille,38,10,8,20,41,67,-26,38,ligue1,2017
Toulouse,38,9,10,19,38,54,-16,37,ligue1,2017
Troyes,38,9,6,23,32,59,-27,33,ligue1,2017
FC Metz,38,6,8,24,34,76,-42,26,ligue1,2017
Paris SG,38,29,4,5,105,35,70,91,ligue1,2018
LOSC Lille,38,22,9,7,68,33,35,75,ligue1,2018
Olympique Lyon,38,21,9,8,70,47,23,72,ligue1,2018
Saint-Étienne,38,19,9,10,59,41,18,66,ligue1,2018
Marseille,38,18,7,13,60,52,8,61,ligue1,2018
Montpellier,38,15,14,9,53,42,11,59,ligue1,2018
OGC Nice,38,15,11,12,30,35,-5,56,ligue1,2018
Stade Reims,38,13,16,9,39,42,-3,55,ligue1,2018
Nîmes Olympique,38,15,8,15,57,58,-1,53,ligue1,2018
Stade Rennais,38,13,13,12,55,52,3,52,ligue1,2018
R. Strasbourg,38,11,16,11,58,48,10,49,ligue1,2018
FC Nantes,38,13,9,16,48,48,0,48,ligue1,2018
Angers SCO,38,10,16,12,44,49,-5,46,ligue1,2018
G. Bordeaux,38,10,11,17,34,42,-8,41,ligue1,2018
Amiens SC,38,9,11,18,31,52,-21,38,ligue1,2018
Toulouse,38,8,14,16,35,57,-22,38,ligue1,2018
Monaco,38,8,12,18,38,57,-19,36,ligue1,2018
Dijon,38,9,7,22,31,60,-29,34,ligue1,2018
SM Caen,38,7,12,19,29,54,-25,33,ligue1,2018
Guingamp,38,5,12,21,28,68,-40,27,ligue1,2018
Paris SG,27,22,2,3,75,24,51,68,ligue1,2019
Marseille,28,16,8,4,41,29,12,56,ligue1,2019
Stade Rennais,28,15,5,8,38,24,14,50,ligue1,2019
LOSC Lille,28,15,4,9,35,27,8,49,ligue1,2019
Stade Reims,28,10,11,7,26,21,5,41,ligue1,2019
OGC Nice,28,11,8,9,41,38,3,41,ligue1,2019
Olympique Lyon,28,11,7,10,42,27,15,40,ligue1,2019
Montpellier,28,11,7,10,35,34,1,40,ligue1,2019
Monaco,28,11,7,10,44,44,0,40,ligue1,2019
R. Strasbourg,27,11,5,11,32,32,0,38,ligue1,2019
Angers SCO,28,11,6,11,28,33,-5,39,ligue1,2019
G. Bordeaux,28,9,10,9,40,34,6,37,ligue1,2019
FC Nantes,28,11,4,13,28,31,-3,37,ligue1,2019
Stade Brestois,28,8,10,10,34,37,-3,34,ligue1,2019
FC Metz,28,8,10,10,27,35,-8,34,ligue1,2019
Dijon,28,7,9,12,27,37,-10,30,ligue1,2019
Saint-Étienne,28,8,6,14,29,45,-16,30,ligue1,2019
Nîmes Olympique,28,7,6,15,29,44,-15,27,ligue1,2019
Amiens SC,28,4,11,13,31,50,-19,23,ligue1,2019
Toulouse,28,3,4,21,22,58,-36,13,ligue1,2019
LOSC Lille,38,24,11,3,64,23,41,83,ligue1,2020
Paris SG,38,26,4,8,86,28,58,82,ligue1,2020
Monaco,38,24,6,8,76,42,34,78,ligue1,2020
Olympique Lyon,38,22,10,6,81,43,38,76,ligue1,2020
Marseille,38,16,12,10,54,47,7,60,ligue1,2020
Stade Rennais,38,16,10,12,52,40,12,58,ligue1,2020
Lens,38,15,12,11,55,54,1,57,ligue1,2020
Montpellier,38,14,12,12,60,62,-2,54,ligue1,2020
OGC Nice,38,15,7,16,50,53,-3,52,ligue1,2020
FC Metz,38,12,11,15,44,48,-4,47,ligue1,2020
Saint-Étienne,38,12,10,16,42,54,-12,46,ligue1,2020
G. Bordeaux,38,13,6,19,42,56,-14,45,ligue1,2020
Angers SCO,38,12,8,18,40,58,-18,44,ligue1,2020
Stade Reims,38,9,15,14,42,50,-8,42,ligue1,2020
R. Strasbourg,38,11,9,18,49,58,-9,42,ligue1,2020
FC Lorient,38,11,9,18,50,68,-18,42,ligue1,2020
Stade Brestois,38,11,8,19,50,66,-16,41,ligue1,2020
FC Nantes,38,9,13,16,47,55,-8,40,ligue1,2020
Nîmes Olympique,38,9,8,21,40,71,-31,35,ligue1,2020
Dijon,38,4,9,25,25,73,-48,21,ligue1,2020
Paris SG,38,26,8,4,90,36,54,86,ligue1,2021
Marseille,38,21,8,9,63,38,25,71,ligue1,2021
Monaco,38,20,9,9,65,40,25,69,ligue1,2021
Stade Rennais,38,20,6,12,82,40,42,66,ligue1,2021
OGC Nice,38,20,7,11,52,36,16,66,ligue1,2021
R. Strasbourg,38,17,12,9,60,43,17,63,ligue1,2021
Lens,38,17,11,10,62,48,14,62,ligue1,2021
Olympique Lyon,38,17,11,10,66,51,15,61,ligue1,2021
FC Nantes,38,15,10,13,55,48,7,55,ligue1,2021
LOSC Lille,38,14,13,11,48,48,0,55,ligue1,2021
Stade Brestois,38,13,9,16,49,57,-8,48,ligue1,2021
Stade Reims,38,11,13,14,43,44,-1,46,ligue1,2021
Montpellier,38,12,7,19,49,61,-12,43,ligue1,2021
Angers SCO,38,10,11,17,44,55,-11,41,ligue1,2021
Troyes,38,9,11,18,37,53,-16,38,ligue1,2021
FC Lorient,38,8,12,18,35,63,-28,36,ligue1,2021
Clermont Foot,38,9,9,20,38,69,-31,36,ligue1,2021
Saint-Étienne,38,7,11,20,42,77,-35,32,ligue1,2021
FC Metz,38,6,13,19,35,69,-34,31,ligue1,2021
G. Bordeaux,38,6,13,19,52,91,-39,31,ligue1,2021
Paris SG,38,27,4,7,89,40,49,85,ligue1,2022
Lens,38,25,9,4,68,29,39,84,ligue1,2022
Marseille,38,22,7,9,67,40,27,73,ligue1,2022
Stade Rennais,38,21,5,12,69,39,30,68,ligue1,2022
LOSC Lille,38,19,10,9,65,44,21,67,ligue1,2022
Monaco,38,19,8,11,70,58,12,65,ligue1,2022
Olympique Lyon,38,18,8,12,65,47,18,62,ligue1,2022
Clermont Foot,38,17,8,13,45,49,-4,59,ligue1,2022
OGC Nice,38,15,13,10,48,37,11,58,ligue1,2022
FC Lorient,38,15,10,13,52,53,-1,55,ligue1,2022
Stade Reims,38,12,15,11,45,45,0,51,ligue1,2022
Montpellier,38,15,5,18,65,62,3,50,ligue1,2022
Toulouse,38,13,9,16,51,57,-6,48,ligue1,2022
Stade Brestois,38,11,11,16,44,54,-10,44,ligue1,2022
R. Strasbourg,38,9,13,16,51,59,-8,40,ligue1,2022
FC Nantes,38,7,15,16,37,55,-18,36,ligue1,2022
AJ Auxerre,38,8,11,19,35,63,-28,35,ligue1,2022
AC Ajaccio,38,7,5,26,23,74,-51,26,ligue1,2022
Troyes,38,4,12,22,45,81,-36,24,ligue1,2022
Angers SCO,38,4,6,28,33,81,-48,18,ligue1,2022
Paris SG,34,22,10,2,81,33,48,76,ligue1,2023
Monaco,34,20,7,7,68,42,26,67,ligue1,2023
Stade Brestois,34,17,10,7,53,34,19,61,ligue1,2023
LOSC Lille,34,16,11,7,52,34,18,59,ligue1,2023
OGC Nice,34,15,10,9,40,29,11,55,ligue1,2023
Olympique Lyon,34,16,5,13,49,55,-6,53,ligue1,2023
Lens,34,14,9,11,45,37,8,51,ligue1,2023
Marseille,34,13,11,10,52,41,11,50,ligue1,2023
Stade Reims,34,13,8,13,42,47,-5,47,ligue1,2023
Stade Rennais,34,12,10,12,53,46,7,46,ligue1,2023
Toulouse,34,11,10,13,42,46,-4,43,ligue1,2023
Montpellier,34,10,12,12,43,48,-5,41,ligue1,2023
R. Strasbourg,34,10,9,15,38,50,-12,39,ligue1,2023
FC Nantes,34,9,6,19,30,55,-25,33,ligue1,2023
Le Havre AC,34,7,11,16,34,45,-11,32,ligue1,2023
FC Metz,34,8,5,21,35,58,-23,29,ligue1,2023
FC Lorient,34,7,8,19,43,66,-23,29,ligue1,2023
Clermont Foot,34,5,10,19,26,60,-34,25,ligue1,2023
Paris SG,28,23,5,0,80,26,54,74,ligue1,2024
Monaco,29,16,5,8,57,35,22,53,ligue1,2024
Marseille,29,16,4,9,57,41,16,52,ligue1,2024
Olympique Lyon,29,15,6,8,57,39,18,51,ligue1,2024
LOSC Lille,29,14,8,7,44,31,13,50,ligue1,2024
R. Strasbourg,29,14,8,7,48,37,11,50,ligue1,2024
OGC Nice,29,13,9,7,54,37,17,48,ligue1,2024
Stade Brestois,29,13,5,11,47,46,1,44,ligue1,2024
Lens,29,12,6,11,32,32,0,42,ligue1,2024
AJ Auxerre,29,10,8,11,40,42,-2,38,ligue1,2024
Stade Rennais,29,11,2,16,43,39,4,35,ligue1,2024
Toulouse,29,9,7,13,38,38,0,34,ligue1,2024
FC Nantes,28,7,9,12,33,47,-14,30,ligue1,2024
Angers SCO,29,8,6,15,28,46,-18,30,ligue1,2024
Stade Reims,29,7,8,14,31,42,-11,29,ligue1,2024
Le Havre AC,29,8,3,18,32,62,-30,27,ligue1,2024
Saint-Étienne,29,6,6,17,31,67,-36,24,ligue1,2024
Montpellier,29,4,3,22,21,66,-45,15,ligue1,2024
